{"file":"start_icon.png","frames":{
"icon_dengji_png":{"x":38,"y":179,"w":36,"h":34,"offX":0,"offY":0,"sourceW":36,"sourceH":34},
"icon_head_png":{"x":0,"y":112,"w":65,"h":65,"offX":0,"offY":0,"sourceW":65,"sourceH":65},
"icon_jifen_png":{"x":67,"y":112,"w":36,"h":33,"offX":0,"offY":0,"sourceW":36,"sourceH":34},
"icon_point_cheng_png":{"x":67,"y":147,"w":30,"h":30,"offX":0,"offY":0,"sourceW":30,"sourceH":30},
"icon_point_hong_png":{"x":76,"y":179,"w":30,"h":30,"offX":0,"offY":0,"sourceW":30,"sourceH":30},
"icon_point_huang_png":{"x":38,"y":215,"w":30,"h":30,"offX":0,"offY":0,"sourceW":30,"sourceH":30},
"icon_point_hui_png":{"x":76,"y":211,"w":30,"h":30,"offX":0,"offY":0,"sourceW":30,"sourceH":30},
"icon_problem_png":{"x":0,"y":179,"w":36,"h":36,"offX":0,"offY":0,"sourceW":36,"sourceH":36},
"icon_touxian_png":{"x":0,"y":217,"w":23,"h":34,"offX":6,"offY":0,"sourceW":36,"sourceH":34},
"mask_head_png":{"x":0,"y":0,"w":110,"h":110,"offX":0,"offY":0,"sourceW":110,"sourceH":110}}}