{"file":"start_back.png","frames":{
"back_box1_png":{"x":728,"y":0,"w":30,"h":30,"offX":0,"offY":0,"sourceW":30,"sourceH":30},
"back_box2_png":{"x":639,"y":122,"w":30,"h":30,"offX":0,"offY":0,"sourceW":30,"sourceH":30},
"back_box3_png":{"x":606,"y":122,"w":31,"h":31,"offX":0,"offY":0,"sourceW":31,"sourceH":31},
"back_btn1_png":{"x":671,"y":154,"w":30,"h":30,"offX":0,"offY":0,"sourceW":30,"sourceH":30},
"back_btn2_png":{"x":671,"y":122,"w":30,"h":30,"offX":0,"offY":0,"sourceW":30,"sourceH":30},
"back_btn3_png":{"x":639,"y":154,"w":30,"h":30,"offX":0,"offY":0,"sourceW":30,"sourceH":30},
"back_head1_png":{"x":606,"y":0,"w":120,"h":120,"offX":0,"offY":0,"sourceW":120,"sourceH":120},
"back_time_png":{"x":703,"y":122,"w":30,"h":30,"offX":0,"offY":0,"sourceW":30,"sourceH":30},
"back_title_png":{"x":0,"y":0,"w":604,"h":141,"offX":0,"offY":0,"sourceW":604,"sourceH":141}}}