{"file":"start_btn.png","frames":{
"btn_menu1_0_png":{"x":97,"y":76,"w":95,"h":25,"offX":59,"offY":31,"sourceW":213,"sourceH":88},
"btn_menu1_1_png":{"x":0,"y":76,"w":95,"h":25,"offX":59,"offY":31,"sourceW":213,"sourceH":88},
"btn_menu2_0_png":{"x":0,"y":0,"w":95,"h":36,"offX":59,"offY":26,"sourceW":213,"sourceH":88},
"btn_menu2_1_png":{"x":97,"y":0,"w":95,"h":36,"offX":59,"offY":26,"sourceW":213,"sourceH":88},
"btn_menu3_0_png":{"x":0,"y":38,"w":92,"h":36,"offX":60,"offY":26,"sourceW":213,"sourceH":88},
"btn_menu3_1_png":{"x":94,"y":38,"w":92,"h":36,"offX":60,"offY":26,"sourceW":213,"sourceH":88}}}