{
	"groups":[
	{
		"keys":"back_box1_png,back_box2_png,back_box3_png,back_btn1_png,back_btn2_png,back_btn3_png,back_head1_png,back_time_png,back_title_png,btn_menu1_0_png,btn_menu1_1_png,btn_menu2_0_png,btn_menu2_1_png,btn_menu3_0_png,btn_menu3_1_png,card_back_png,card_dahu_png,card_jigou_png,card_sanhu_png,icon_dengji_png,icon_head_png,icon_jifen_png,icon_problem_png,icon_touxian_png,mask_head_png,icon_point_hong_png,icon_point_huang_png,icon_point_cheng_png,icon_point_hui_png",
		"name":"startload"
	},
	{
		"keys":"back_baise_png,back_gensui_png,back_head2_png,back_heise_png,back_hudong_png,back_huise_png,back_jindutiao_png,btn_choose1_png,btn_choose2_png,btn_down_png,btn_jia_png,btn_jian_png,icon_back_png,icon_btn10_png,icon_btn4_png,icon_btn5_png,icon_btn6_png,icon_btn7_png,icon_btn8_png,icon_btn9_png,icon_close_png,icon_dahu_png,icon_jigou_png,icon_letter_png,icon_point_png,icon_sanhu_png,icon_search_png,icon_xuanze_png,icon_dahu_da_png,icon_jigou_da_png,icon_sanhu_da_png",
		"name":"otherload"
	},
	{
		"keys":"icon_loading_png",
		"name":"loading"
	}],
	"resources":[
	{
		"name":"back_box1_png",
		"type":"image",
		"url":"assets/start/back_box1.png"
	},
	{
		"name":"back_box2_png",
		"type":"image",
		"url":"assets/start/back_box2.png"
	},
	{
		"name":"back_box3_png",
		"type":"image",
		"url":"assets/start/back_box3.png"
	},
	{
		"name":"back_btn1_png",
		"type":"image",
		"url":"assets/start/back_btn1.png"
	},
	{
		"name":"back_btn2_png",
		"type":"image",
		"url":"assets/start/back_btn2.png"
	},
	{
		"name":"back_btn3_png",
		"type":"image",
		"url":"assets/start/back_btn3.png"
	},
	{
		"name":"back_head1_png",
		"type":"image",
		"url":"assets/start/back_head1.png"
	},
	{
		"name":"back_time_png",
		"type":"image",
		"url":"assets/start/back_time.png"
	},
	{
		"name":"back_title_png",
		"type":"image",
		"url":"assets/start/back_title.png"
	},
	{
		"name":"btn_menu1_0_png",
		"type":"image",
		"url":"assets/start/btn_menu1_0.png"
	},
	{
		"name":"btn_menu1_1_png",
		"type":"image",
		"url":"assets/start/btn_menu1_1.png"
	},
	{
		"name":"btn_menu2_0_png",
		"type":"image",
		"url":"assets/start/btn_menu2_0.png"
	},
	{
		"name":"btn_menu2_1_png",
		"type":"image",
		"url":"assets/start/btn_menu2_1.png"
	},
	{
		"name":"btn_menu3_0_png",
		"type":"image",
		"url":"assets/start/btn_menu3_0.png"
	},
	{
		"name":"btn_menu3_1_png",
		"type":"image",
		"url":"assets/start/btn_menu3_1.png"
	},
	{
		"name":"card_back_png",
		"type":"image",
		"url":"assets/start/card_back.png"
	},
	{
		"name":"card_dahu_png",
		"type":"image",
		"url":"assets/start/card_dahu.png"
	},
	{
		"name":"card_jigou_png",
		"type":"image",
		"url":"assets/start/card_jigou.png"
	},
	{
		"name":"card_sanhu_png",
		"type":"image",
		"url":"assets/start/card_sanhu.png"
	},
	{
		"name":"icon_dengji_png",
		"type":"image",
		"url":"assets/start/icon_dengji.png"
	},
	{
		"name":"icon_head_png",
		"type":"image",
		"url":"assets/start/icon_head.png"
	},
	{
		"name":"icon_jifen_png",
		"type":"image",
		"url":"assets/start/icon_jifen.png"
	},
	{
		"name":"icon_problem_png",
		"type":"image",
		"url":"assets/start/icon_problem.png"
	},
	{
		"name":"icon_touxian_png",
		"type":"image",
		"url":"assets/start/icon_touxian.png"
	},
	{
		"name":"mask_head_png",
		"type":"image",
		"url":"assets/start/mask_head.png"
	},
	{
		"name":"back_baise_png",
		"type":"image",
		"url":"assets/other/back_baise.png"
	},
	{
		"name":"back_gensui_png",
		"type":"image",
		"url":"assets/other/back_gensui.png"
	},
	{
		"name":"back_head2_png",
		"type":"image",
		"url":"assets/other/back_head2.png"
	},
	{
		"name":"back_heise_png",
		"type":"image",
		"url":"assets/other/back_heise.png"
	},
	{
		"name":"back_hudong_png",
		"type":"image",
		"url":"assets/other/back_hudong.png"
	},
	{
		"name":"back_huise_png",
		"type":"image",
		"url":"assets/other/back_huise.png"
	},
	{
		"name":"back_jindutiao_png",
		"type":"image",
		"url":"assets/other/back_jindutiao.png"
	},
	{
		"name":"btn_choose1_png",
		"type":"image",
		"url":"assets/other/btn_choose1.png"
	},
	{
		"name":"btn_choose2_png",
		"type":"image",
		"url":"assets/other/btn_choose2.png"
	},
	{
		"name":"btn_down_png",
		"type":"image",
		"url":"assets/other/btn_down.png"
	},
	{
		"name":"btn_jia_png",
		"type":"image",
		"url":"assets/other/btn_jia.png"
	},
	{
		"name":"btn_jian_png",
		"type":"image",
		"url":"assets/other/btn_jian.png"
	},
	{
		"name":"icon_back_png",
		"type":"image",
		"url":"assets/other/icon_back.png"
	},
	{
		"name":"icon_btn10_png",
		"type":"image",
		"url":"assets/other/icon_btn10.png"
	},
	{
		"name":"icon_btn4_png",
		"type":"image",
		"url":"assets/other/icon_btn4.png"
	},
	{
		"name":"icon_btn5_png",
		"type":"image",
		"url":"assets/other/icon_btn5.png"
	},
	{
		"name":"icon_btn6_png",
		"type":"image",
		"url":"assets/other/icon_btn6.png"
	},
	{
		"name":"icon_btn7_png",
		"type":"image",
		"url":"assets/other/icon_btn7.png"
	},
	{
		"name":"icon_btn8_png",
		"type":"image",
		"url":"assets/other/icon_btn8.png"
	},
	{
		"name":"icon_btn9_png",
		"type":"image",
		"url":"assets/other/icon_btn9.png"
	},
	{
		"name":"icon_close_png",
		"type":"image",
		"url":"assets/other/icon_close.png"
	},
	{
		"name":"icon_dahu_png",
		"type":"image",
		"url":"assets/other/icon_dahu.png"
	},
	{
		"name":"icon_jigou_png",
		"type":"image",
		"url":"assets/other/icon_jigou.png"
	},
	{
		"name":"icon_letter_png",
		"type":"image",
		"url":"assets/other/icon_letter.png"
	},
	{
		"name":"icon_point_png",
		"type":"image",
		"url":"assets/other/icon_point.png"
	},
	{
		"name":"icon_sanhu_png",
		"type":"image",
		"url":"assets/other/icon_sanhu.png"
	},
	{
		"name":"icon_search_png",
		"type":"image",
		"url":"assets/other/icon_search.png"
	},
	{
		"name":"icon_xuanze_png",
		"type":"image",
		"url":"assets/other/icon_xuanze.png"
	},
	{
		"name":"icon_dahu_da_png",
		"type":"image",
		"url":"assets/other/icon_dahu_da.png"
	},
	{
		"name":"icon_jigou_da_png",
		"type":"image",
		"url":"assets/other/icon_jigou_da.png"
	},
	{
		"name":"icon_sanhu_da_png",
		"type":"image",
		"url":"assets/other/icon_sanhu_da.png"
	},
	{
		"name":"icon_loading_png",
		"type":"image",
		"url":"assets/loading/icon_loading.png"
	},
	{
		"name":"icon_point_hong_png",
		"type":"image",
		"url":"assets/start/icon_point_hong.png"
	},
	{
		"name":"icon_point_huang_png",
		"type":"image",
		"url":"assets/start/icon_point_huang.png"
	},
	{
		"name":"icon_point_cheng_png",
		"type":"image",
		"url":"assets/start/icon_point_cheng.png"
	},
	{
		"name":"icon_point_hui_png",
		"type":"image",
		"url":"assets/start/icon_point_hui.png"
	}]
}