{"file":"other_icon.png","frames":{
"icon_back_png":{"x":111,"y":96,"w":15,"h":25,"offX":0,"offY":0,"sourceW":15,"sourceH":25},
"icon_btn10_png":{"x":47,"y":79,"w":30,"h":30,"offX":0,"offY":0,"sourceW":30,"sourceH":30},
"icon_btn4_png":{"x":79,"y":96,"w":30,"h":30,"offX":0,"offY":0,"sourceW":30,"sourceH":30},
"icon_btn5_png":{"x":94,"y":32,"w":30,"h":30,"offX":0,"offY":0,"sourceW":30,"sourceH":30},
"icon_btn6_png":{"x":64,"y":128,"w":30,"h":30,"offX":0,"offY":0,"sourceW":30,"sourceH":30},
"icon_btn7_png":{"x":96,"y":128,"w":30,"h":30,"offX":0,"offY":0,"sourceW":30,"sourceH":30},
"icon_btn8_png":{"x":32,"y":111,"w":30,"h":30,"offX":0,"offY":0,"sourceW":30,"sourceH":30},
"icon_btn9_png":{"x":0,"y":126,"w":30,"h":30,"offX":0,"offY":0,"sourceW":30,"sourceH":30},
"icon_close_png":{"x":0,"y":158,"w":24,"h":24,"offX":3,"offY":3,"sourceW":30,"sourceH":30},
"icon_dahu_png":{"x":89,"y":64,"w":30,"h":30,"offX":0,"offY":0,"sourceW":30,"sourceH":30},
"icon_dahu_da_png":{"x":0,"y":47,"w":45,"h":45,"offX":0,"offY":0,"sourceW":45,"sourceH":45},
"icon_jigou_png":{"x":94,"y":0,"w":30,"h":30,"offX":0,"offY":0,"sourceW":30,"sourceH":30},
"icon_jigou_da_png":{"x":47,"y":0,"w":45,"h":45,"offX":0,"offY":0,"sourceW":45,"sourceH":45},
"icon_letter_png":{"x":47,"y":47,"w":40,"h":30,"offX":0,"offY":0,"sourceW":40,"sourceH":30},
"icon_point_png":{"x":32,"y":94,"w":11,"h":11,"offX":0,"offY":0,"sourceW":11,"sourceH":11},
"icon_sanhu_png":{"x":0,"y":94,"w":30,"h":30,"offX":0,"offY":0,"sourceW":30,"sourceH":30},
"icon_sanhu_da_png":{"x":0,"y":0,"w":45,"h":45,"offX":0,"offY":0,"sourceW":45,"sourceH":45},
"icon_search_png":{"x":32,"y":143,"w":26,"h":28,"offX":2,"offY":1,"sourceW":30,"sourceH":30},
"icon_xuanze_png":{"x":60,"y":160,"w":8,"h":43,"offX":0,"offY":0,"sourceW":8,"sourceH":43}}}