{"file":"other_back.png","frames":{
"back_baise_png":{"x":221,"y":186,"w":30,"h":30,"offX":0,"offY":0,"sourceW":30,"sourceH":30},
"back_gensui_png":{"x":0,"y":221,"w":219,"h":219,"offX":0,"offY":0,"sourceW":219,"sourceH":219},
"back_head2_png":{"x":221,"y":0,"w":120,"h":120,"offX":0,"offY":0,"sourceW":120,"sourceH":120},
"back_heise_png":{"x":221,"y":154,"w":30,"h":30,"offX":0,"offY":0,"sourceW":30,"sourceH":30},
"back_hudong_png":{"x":0,"y":0,"w":219,"h":219,"offX":0,"offY":0,"sourceW":219,"sourceH":219},
"back_huise_png":{"x":221,"y":122,"w":30,"h":30,"offX":0,"offY":0,"sourceW":30,"sourceH":30},
"back_jindutiao_png":{"x":0,"y":442,"w":244,"h":15,"offX":0,"offY":0,"sourceW":244,"sourceH":15}}}