{
	"groups":[
	{
		"keys":"start_back_json,start_btn_json,start_card_json,start_icon_json",
		"name":"startload"
	},
	{
		"keys":"other_back_json,other_btn_json,other_icon_json,golong_mp3,goshort_mp3,interact_mp3,lightning_mp3,nomal_mp3,task_mp3",
		"name":"otherload"
	},
	{
		"keys":"icon_loading_png",
		"name":"loading"
	}],
	"resources":[
	{
		"name":"icon_loading_png",
		"type":"image",
		"url":"assets/loading/icon_loading.png"
	},
	{
		"name":"start_back_json",
		"subkeys":"back_box1_png,back_box2_png,back_box3_png,back_btn1_png,back_btn2_png,back_btn3_png,back_head1_png,back_time_png,back_title_png",
		"type":"sheet",
		"url":"assets/start/start_back.json"
	},
	{
		"name":"start_btn_json",
		"subkeys":"btn_menu1_0_png,btn_menu1_1_png,btn_menu2_0_png,btn_menu2_1_png,btn_menu3_0_png,btn_menu3_1_png",
		"type":"sheet",
		"url":"assets/start/start_btn.json"
	},
	{
		"name":"start_card_json",
		"subkeys":"card_back_png,card_dahu_png,card_jigou_png,card_sanhu_png",
		"type":"sheet",
		"url":"assets/start/start_card.json"
	},
	{
		"name":"start_icon_json",
		"subkeys":"icon_dengji_png,icon_head_png,icon_jifen_png,icon_point_cheng_png,icon_point_hong_png,icon_point_huang_png,icon_point_hui_png,icon_problem_png,icon_touxian_png,mask_head_png",
		"type":"sheet",
		"url":"assets/start/start_icon.json"
	},
	{
		"name":"other_back_json",
		"subkeys":"back_baise_png,back_gensui_png,back_head2_png,back_heise_png,back_hudong_png,back_huise_png,back_jindutiao_png",
		"type":"sheet",
		"url":"assets/other/other_back.json"
	},
	{
		"name":"other_btn_json",
		"subkeys":"btn_choose1_png,btn_choose2_png,btn_down_png,btn_jia_png,btn_jian_png,btn_kline_jia_png,btn_kline_jian_png",
		"type":"sheet",
		"url":"assets/other/other_btn.json"
	},
	{
		"name":"other_icon_json",
		"subkeys":"icon_back_png,icon_btn10_png,icon_btn4_png,icon_btn5_png,icon_btn6_png,icon_btn7_png,icon_btn8_png,icon_btn9_png,icon_close_png,icon_dahu_da_png,icon_dahu_png,icon_jigou_da_png,icon_jigou_png,icon_letter_png,icon_point_png,icon_sanhu_da_png,icon_sanhu_png,icon_search_png,icon_xuanze_png",
		"type":"sheet",
		"url":"assets/other/other_icon.json"
	},
	{
		"name":"golong_mp3",
		"type":"sound",
		"url":"assets/sound/golong.mp3"
	},
	{
		"name":"goshort_mp3",
		"type":"sound",
		"url":"assets/sound/goshort.mp3"
	},
	{
		"name":"interact_mp3",
		"type":"sound",
		"url":"assets/sound/interact.mp3"
	},
	{
		"name":"lightning_mp3",
		"type":"sound",
		"url":"assets/sound/lightning.mp3"
	},
	{
		"name":"nomal_mp3",
		"type":"sound",
		"url":"assets/sound/nomal.mp3"
	},
	{
		"name":"task_mp3",
		"type":"sound",
		"url":"assets/sound/task.mp3"
	}]
}